,val_loss,val_acc,loss,acc
0,0.656794130872648,0.47290110285186454,0.5488230332793135,0.47406559989274655
