,val_loss,val_acc,loss,acc
0,0.7055595618199261,0.47922826486036885,0.5489585017940081,0.4745524453284222
