,val_loss,val_acc,loss,acc
0,0.6569226411114936,0.48334938993375404,0.5631831681863471,0.47589547756637074
1,0.6228745039362998,0.446152904808526,0.5200112236884649,0.46962705277510525
2,0.7088214559368199,0.4147850469155407,0.49446619301914074,0.46705014598040234
3,0.6557133654770599,0.39779010289363714,0.4751214838374801,0.46573241203014737
4,0.6087374286227523,0.3953091326402225,0.4593997186541458,0.46513385862806184
