,val_loss,val_acc,loss,acc
0,0.551620313278022,0.480560524085462,0.5744914112471009,0.48104176304122703
1,0.5284543289103669,0.47561950587354146,0.5353535742193075,0.4771709204163341
2,0.5258922337903017,0.46200860828602963,0.512668947084943,0.47551019350489276
3,0.5017385685417562,0.4722448064490697,0.4954946676315012,0.47484525084991336
4,0.5100073534977696,0.46118079371649323,0.481613635812975,0.4747596594455723
