,val_loss,val_acc,loss,acc
0,0.5167510338628077,0.4743439076789656,0.560512916624678,0.479378813154294
