,val_loss,val_acc,loss,acc
0,0.536125427539023,0.4657793529249448,0.5608021353119866,0.47962831837082526
1,0.4884205311583781,0.4783801196389152,0.4946099329122523,0.4745001576551134
2,0.46160254878638407,0.47070250906654054,0.4590417969082261,0.4738838749937132
3,0.4535509687197844,0.46829667297382527,0.43345210905029624,0.4739231248446581
4,0.4333293046044536,0.47170093720435197,0.41311635753863457,0.474592404349027
