,val_loss,val_acc,loss,acc
0,0.5221247892957198,0.474662345277515,0.5612036973982851,0.47918497780847563
