,val_loss,val_acc,loss,acc
0,0.6581708395094805,0.4456311680325422,0.5446157994204087,0.4738033023334457
1,0.6806242751565762,0.40721257458742244,0.47327214648811927,0.4650411618833264
2,0.7450474479320081,0.38629772628715603,0.4365508776205583,0.46370834442548475
3,0.6631376580241576,0.3736528473129542,0.4097537566547593,0.463081506037481
