,val_loss,val_acc,loss,acc
0,0.7224066963399198,0.4435292320405423,0.5560815594439596,0.4759015055140721
1,0.6089678460760447,0.4506867378186439,0.48868862560011167,0.4672988056481028
2,0.7142687899207483,0.3961483054823523,0.4540928013108987,0.46490258727252903
