,val_loss,val_acc,loss,acc
0,8.099076165795063,0.2551997102649007,8.054488823196085,0.25802255761736226
1,8.099076178426511,0.2549502572138127,8.054792130018566,0.25807177676625104
2,8.099076168201053,0.2558963310075686,8.054792133635305,0.2581004436136332
