,val_loss,val_acc,loss,acc
0,3.210348707563934,0.1556900723409288,7.6186720915852595,0.24171354919023658
1,3.210348703165136,0.15555722554930468,7.61921507515388,0.24176762342836944
2,3.210348704368226,0.1558023863945306,7.619215072228027,0.241700334073962
