,val_loss,val_acc,loss,acc
0,0.5320778809410283,0.47272092301324503,0.570954661652628,0.4815005689733101
1,0.5048910149430973,0.4740371728161463,0.5112766142397229,0.47617456336899305
2,0.4643252764880488,0.4768162645853043,0.48097931078526934,0.47461797539506245
