,val_loss,val_acc,loss,acc
0,0.641559559497361,0.45767074199511615,0.562946523513226,0.4783890295717282
1,0.6482009965990146,0.4524856106599385,0.45962699819753133,0.4662758138002365
2,0.7324725525157173,0.34554189170778227,0.40686840376656314,0.46312187419520834
