,val_loss,val_acc,loss,acc
0,0.5304397782366647,0.47710452144433935,0.5759479360171147,0.48055708603005104
1,0.4535925423110257,0.47568787448754335,0.4790569093361599,0.4752406542258965
2,0.43985512513386565,0.4638927487385683,0.42723412226123675,0.47430272190402095
